file	sigma_class	mean_improvement_rate	std_improvement_rate	mean_best_val_loss	std_best_val_loss	mean_loss_reduction	mean_steps_to_first	mean_hyp_entropy	std_hyp_entropy
S1-RF-1	σ-01	0.6417	0.0382	-0.420904	0.118402	0.730904	2.33	1.3183	0.2193
S1-RF-2	σ-01	0.45	0.1323	-0.319361	0.200877	0.629361	2.67	1.5281	0.0735
S1-RF-4	σ-03	0.45	0.0866	-0.288305	0.047993	0.598305	1.67	1.3078	0.2808
S1-RF-5	σ-02	0.6917	0.0629	-0.387021	0.089279	0.697021	2	1.4908	0.0933
S1-RF-minimal	σ-01	0.475	0.025	-0.235007	0.087395	0.545007	1.33	1.4672	0.2261
S2-GBM-1	σ-01	0.75	0.0433	-0.312297	0.142482	0.622297	1	1.3253	0.1947
S2-GBM-5	σ-02	0.7833	0.0382	-0.529437	0.059004	0.839437	1.33	1.3766	0.1049
S3-RF-HP	σ-04	0.8417	0.0382	-0.454243	0.061006	0.764243	1	1.1828	0.454
