{
  "best_cv_accuracy": {
    "r_squared": 0.9999962272558548,
    "effects": {
      "M": -0.0006287499999997019,
      "B": 3.750000000112893e-06,
      "S": -0.0006287499999998468,
      "O": -0.0006287499999999865,
      "E": 0.0025037500000002428
    },
    "pvalues": {
      "M": 3.556995920405024e-05,
      "B": 0.4226497307956108,
      "S": 3.556995920403389e-05,
      "O": 3.556995920401808e-05,
      "E": 2.243257608814769e-06
    },
    "variance_share": {
      "M": 0.05303010137186689,
      "B": 1.8863791895782002e-06,
      "S": 0.05303010137189132,
      "O": 0.0530301013719149,
      "E": 0.8409078095051373
    }
  },
  "n_experiments": {
    "r_squared": 0.6666666666666667,
    "effects": {
      "M": 6.661338147750939e-16,
      "B": 4.718447854656915e-16,
      "S": -0.4999999999999996,
      "O": 2.7755575615628914e-17,
      "E": 0.5000000000000007
    },
    "pvalues": {
      "M": 0.9999999999999987,
      "B": 0.9999999999999991,
      "S": 0.29289321881345276,
      "O": 1.0,
      "E": 0.29289321881345215
    },
    "variance_share": {
      "M": 8.87468518373638e-31,
      "B": 4.4527500314232875e-31,
      "S": 0.499999999999999,
      "O": 1.540743955509788e-33,
      "E": 0.5000000000000011
    }
  },
  "n_distinct_models": {
    "r_squared": 1.0,
    "effects": {
      "M": 3.3306690738754696e-16,
      "B": 0.5000000000000001,
      "S": 2.7755575615628914e-16,
      "O": 0.5000000000000001,
      "E": -0.49999999999999983
    },
    "pvalues": {
      "M": 0.5936287231128421,
      "B": 1.1216615996111255e-30,
      "S": 0.652475976571542,
      "O": 1.1216615996111258e-30,
      "E": 1.1216615996111281e-30
    },
    "variance_share": {
      "M": 1.4791141972893971e-31,
      "B": 0.3333333333333335,
      "S": 1.0271626370065259e-31,
      "O": 0.3333333333333335,
      "E": 0.3333333333333331
    }
  },
  "breadth_spread": {
    "r_squared": 0.8291457286432161,
    "effects": {
      "M": -37.49999999999991,
      "B": -62.49999999999994,
      "S": -62.5,
      "O": -62.50000000000002,
      "E": 112.50000000000007
    },
    "pvalues": {
      "M": 0.5425042890021867,
      "B": 0.34905544509588105,
      "S": 0.34905544509588066,
      "O": 0.3490554450958805,
      "E": 0.16074567258371755
    },
    "variance_share": {
      "M": 0.054545454545454265,
      "B": 0.1515151515151512,
      "S": 0.15151515151515146,
      "O": 0.15151515151515157,
      "E": 0.4909090909090914
    }
  },
  "mean_proposal_chars": {
    "r_squared": 0.9596526801529034,
    "effects": {
      "M": -8.312499999999986,
      "B": 23.112500000000008,
      "S": 26.537500000000026,
      "O": 66.88750000000002,
      "E": -16.93749999999999
    },
    "pvalues": {
      "M": 0.538360383146137,
      "B": 0.17734156726677447,
      "S": 0.14322657867487165,
      "O": 0.027349181919582872,
      "E": 0.2724816223172002
    },
    "variance_share": {
      "M": 0.011386581396927825,
      "B": 0.08802861861359808,
      "S": 0.11605131149291467,
      "O": 0.7372588022863847,
      "E": 0.04727468621017459
    }
  }
}