{
  "best_cv_accuracy": {
    "r_squared": 0.9999962272558548,
    "df_resid": 2.0,
    "effects": {
      "M": -0.0006287499999997019,
      "B": 3.750000000112893e-06,
      "S": -0.0006287499999998468,
      "O": -0.0006287499999999865,
      "E": 0.0025037500000002428
    },
    "coef": {
      "M": -0.00031437499999985096,
      "B": 1.8750000000564465e-06,
      "S": -0.0003143749999999234,
      "O": -0.00031437499999999326,
      "E": 0.0012518750000001214
    },
    "std_err": {
      "M": 1.8749999999845273e-06,
      "B": 1.874999999984528e-06,
      "S": 1.8749999999845281e-06,
      "O": 1.8749999999845281e-06,
      "E": 1.8749999999845288e-06
    },
    "tvalues": {
      "M": -167.6666666679708,
      "B": 1.0000000000383567,
      "S": -167.66666666800933,
      "O": -167.6666666680466,
      "E": 667.6666666722406
    },
    "pvalues": {
      "M": 3.556995920405024e-05,
      "B": 0.4226497307956108,
      "S": 3.556995920403389e-05,
      "O": 3.556995920401808e-05,
      "E": 2.243257608814769e-06
    },
    "variance_share": {
      "M": 0.05303010137186689,
      "B": 1.8863791895782002e-06,
      "S": 0.05303010137189132,
      "O": 0.0530301013719149,
      "E": 0.8409078095051373
    }
  },
  "n_experiments": {
    "r_squared": 0.6666666666666667,
    "df_resid": 2.0,
    "effects": {
      "M": 6.661338147750939e-16,
      "B": 4.718447854656915e-16,
      "S": -0.4999999999999996,
      "O": 2.7755575615628914e-17,
      "E": 0.5000000000000007
    },
    "coef": {
      "M": 3.3306690738754696e-16,
      "B": 2.3592239273284576e-16,
      "S": -0.2499999999999998,
      "O": 1.3877787807814457e-17,
      "E": 0.25000000000000033
    },
    "std_err": {
      "M": 0.1767766952966368,
      "B": 0.17677669529663687,
      "S": 0.1767766952966369,
      "O": 0.1767766952966369,
      "E": 0.17677669529663695
    },
    "tvalues": {
      "M": 1.8841109504205307e-15,
      "B": 1.334578589881209e-15,
      "S": -1.4142135623730938,
      "O": 7.850462293418875e-17,
      "E": 1.4142135623730965
    },
    "pvalues": {
      "M": 0.9999999999999987,
      "B": 0.9999999999999991,
      "S": 0.29289321881345276,
      "O": 1.0,
      "E": 0.29289321881345215
    },
    "variance_share": {
      "M": 8.87468518373638e-31,
      "B": 4.4527500314232875e-31,
      "S": 0.499999999999999,
      "O": 1.540743955509788e-33,
      "E": 0.5000000000000011
    }
  },
  "n_distinct_models": {
    "r_squared": 1.0,
    "df_resid": 2.0,
    "effects": {
      "M": 3.3306690738754696e-16,
      "B": 0.5000000000000001,
      "S": 2.7755575615628914e-16,
      "O": 0.5000000000000001,
      "E": -0.49999999999999983
    },
    "coef": {
      "M": 1.6653345369377348e-16,
      "B": 0.25000000000000006,
      "S": 1.3877787807814457e-16,
      "O": 0.25000000000000006,
      "E": -0.24999999999999992
    },
    "std_err": {
      "M": 2.6477131637640685e-16,
      "B": 2.6477131637640694e-16,
      "S": 2.64771316376407e-16,
      "O": 2.64771316376407e-16,
      "E": 2.647713163764071e-16
    },
    "tvalues": {
      "M": 0.6289709020331512,
      "B": 944211040007794.8,
      "S": 0.5241424183609591,
      "O": 944211040007794.6,
      "E": -944211040007793.8
    },
    "pvalues": {
      "M": 0.5936287231128421,
      "B": 1.1216615996111255e-30,
      "S": 0.652475976571542,
      "O": 1.1216615996111258e-30,
      "E": 1.1216615996111281e-30
    },
    "variance_share": {
      "M": 1.4791141972893971e-31,
      "B": 0.3333333333333335,
      "S": 1.0271626370065259e-31,
      "O": 0.3333333333333335,
      "E": 0.3333333333333331
    }
  },
  "breadth_spread": {
    "r_squared": 0.8291457286432161,
    "df_resid": 2.0,
    "effects": {
      "M": -37.49999999999991,
      "B": -62.49999999999994,
      "S": -62.5,
      "O": -62.50000000000002,
      "E": 112.50000000000007
    },
    "coef": {
      "M": -18.749999999999954,
      "B": -31.24999999999997,
      "S": -31.25,
      "O": -31.25000000000001,
      "E": 56.250000000000036
    },
    "std_err": {
      "M": 25.76941016011037,
      "B": 25.769410160110375,
      "S": 25.76941016011038,
      "O": 25.76941016011038,
      "E": 25.76941016011039
    },
    "tvalues": {
      "M": -0.7276068751089975,
      "B": -1.2126781251816638,
      "S": -1.212678125181665,
      "O": -1.2126781251816652,
      "E": 2.1828206253269973
    },
    "pvalues": {
      "M": 0.5425042890021867,
      "B": 0.34905544509588105,
      "S": 0.34905544509588066,
      "O": 0.3490554450958805,
      "E": 0.16074567258371755
    },
    "variance_share": {
      "M": 0.054545454545454265,
      "B": 0.1515151515151512,
      "S": 0.15151515151515146,
      "O": 0.15151515151515157,
      "E": 0.4909090909090914
    }
  },
  "mean_proposal_chars": {
    "r_squared": 0.9596526801529034,
    "df_resid": 2.0,
    "effects": {
      "M": -8.312499999999986,
      "B": 23.112500000000008,
      "S": 26.537500000000026,
      "O": 66.88750000000002,
      "E": -16.93749999999999
    },
    "coef": {
      "M": -4.156249999999993,
      "B": 11.556250000000004,
      "S": 13.268750000000013,
      "O": 33.44375000000001,
      "E": -8.468749999999995
    },
    "std_err": {
      "M": 5.647292631208339,
      "B": 5.647292631208341,
      "S": 5.647292631208342,
      "O": 5.647292631208342,
      "E": 5.647292631208344
    },
    "tvalues": {
      "M": -0.7359721323863271,
      "B": 2.046334545537325,
      "S": 2.3495771985807155,
      "O": 5.922085534434951,
      "E": -1.499612390050336
    },
    "pvalues": {
      "M": 0.538360383146137,
      "B": 0.17734156726677447,
      "S": 0.14322657867487165,
      "O": 0.027349181919582872,
      "E": 0.2724816223172002
    },
    "variance_share": {
      "M": 0.011386581396927825,
      "B": 0.08802861861359808,
      "S": 0.11605131149291467,
      "O": 0.7372588022863847,
      "E": 0.04727468621017459
    }
  },
  "process_distance_to_human": {
    "r_squared": 0.6668222118334952,
    "df_resid": 2.0,
    "effects": {
      "M": 1.638855717800425e-16,
      "B": 6.607908664690855e-17,
      "S": 0.07147500000000001,
      "O": 4.361927485874161e-17,
      "E": -0.07142499999999993
    },
    "coef": {
      "M": 8.194278589002125e-17,
      "B": 3.303954332345427e-17,
      "S": 0.035737500000000005,
      "O": 2.1809637429370806e-17,
      "E": -0.035712499999999966
    },
    "std_err": {
      "M": 0.025252550923124582,
      "B": 0.025252550923124593,
      "S": 0.025252550923124596,
      "O": 0.025252550923124596,
      "E": 0.025252550923124607
    },
    "tvalues": {
      "M": 3.2449310225916056e-15,
      "B": 1.3083645855832678e-15,
      "S": 1.415203561366705,
      "O": 8.636607642437818e-16,
      "E": -1.414213562373092
    },
    "pvalues": {
      "M": 0.9999999999999977,
      "B": 0.9999999999999991,
      "S": 0.2926458489634391,
      "O": 0.9999999999999993,
      "E": 0.29289321881345326
    },
    "variance_share": {
      "M": 2.6305522121721565e-30,
      "B": 4.276549939517285e-31,
      "S": 0.5003498949886547,
      "O": 1.8634698385279433e-31,
      "E": 0.49965010501134527
    }
  }
}